[{"id":0,"url":"https:\/\/suite.social","title":"Trustleads","description":"Weekly Social Media leads and tools to grow your business and profits!","keywords":"Amazon Leads, Blog Leads, Etsy Leads, Facebook Leads, Instagram Leads, Linkedin Leads, Pinterest Leads, Reddit Leads, Snapchat Leads, Social Media Leads, Soundcloud Leads, TikTok Leads, Tumblr Leads, Twitter Leads, Vimeo Leads, Vk Leads, WhatsApp Leads, Wordpress Leads, XING Leads, YouTube Leads","openG":true,"lenTitle":10,"lenDes":70,"viewport":"width=device-width, initial-scale=1.0, maximum-scale=1.0, minimum-scale=1.0, user-scalable=no, minimal-ui","author":"TrustLeads | https:\/\/suite.social","promo":"FREE MANAGEMENT FOR 30 DAYS","siteName":"","image":"https:\/\/suite.social\/images\/meta.jpg"},{"id":1,"url":"https:\/\/shipmatesonline.com","title":"Shipmates - Isle of Wight","description":"Paddleboard, Sailing And Wetsuit Stockist Of Gul, Gill, Fanatic, Dryrobe, Chatham, Foamlife, Mermaid Gin, and more! Buy Now! Shop A Wide Range Of Sailing, Swimming, Paddleboarding, and more Hardware, Accessories at Shipmates. National Delivery. 4.8 Stars on Trustpilot. Pay With Klarna","keywords":"No Keywords","openG":true,"lenTitle":25,"lenDes":285,"viewport":"width=device-width","author":"","promo":"","siteName":"","image":"https:\/\/shipmatesonline.com\/cdn\/shop\/files\/DESGINCROPPED_0a84d578-5ef7-457b-8531-dcc781b2e3dd_1488x630.png?v=1626913021"},{"id":2,"url":"https:\/\/suite.social\/","title":"Trustleads","description":"Weekly Social Media leads and tools to grow your business and profits!","keywords":"Amazon Leads, Blog Leads, Etsy Leads, Facebook Leads, Instagram Leads, Linkedin Leads, Pinterest Leads, Reddit Leads, Snapchat Leads, Social Media Leads, Soundcloud Leads, TikTok Leads, Tumblr Leads, Twitter Leads, Vimeo Leads, Vk Leads, WhatsApp Leads, Wordpress Leads, XING Leads, YouTube Leads","openG":true,"lenTitle":10,"lenDes":70,"viewport":"width=device-width, initial-scale=1.0, maximum-scale=1.0, minimum-scale=1.0, user-scalable=no, minimal-ui","author":"Trustleads | https:\/\/suite.social","promo":"FREE MANAGEMENT FOR 30 DAYS","siteName":"","image":"https:\/\/suite.social\/images\/meta.jpg"},{"id":3,"url":"https:\/\/salon.com","title":"Salon.com | News, Politics, Culture, Science & Food","description":"Award-winning news and culture, features breaking news, in-depth reporting and criticism on politics, science, food and entertainment.","keywords":"No Keywords","openG":true,"lenTitle":51,"lenDes":134,"viewport":"width=device-width, initial-scale=1.0,minimum-scale=1.0, maximum-scale=5.0","author":"","promo":"MY PROMO HERE","siteName":"","image":"https:\/\/mediaproxy.salon.com\/width\/1200\/https:\/\/media2.salon.com\/2022\/01\/hotfix_wrong_image-01.jpg"},{"id":4,"url":"https:\/\/farailondon.com","title":"Farai London | Vibrant Womenswear. Let Us Colour your World","description":"At Farai London, we believe in the transformative power of colour. With a passionate commitment to quality and inclusivity, we envision a world where colourful clothes become a catalyst for self-discovery, self-love, and the celebration of individuality. Colour your world with Farai London.","keywords":"No Keywords","openG":true,"lenTitle":59,"lenDes":291,"viewport":"width=device-width,initial-scale=1","author":"","promo":"","siteName":"","image":"http:\/\/www.farailondon.com\/cdn\/shop\/files\/Untitled_design_3.png?crop=center&height=1200&v=1691235617&width=1200"},{"id":5,"url":"https:\/\/healawaken.co.uk","title":"Home - Heal & Awaken","description":"No Description","keywords":"No Keywords","openG":true,"lenTitle":20,"lenDes":0,"viewport":"width=device-width, initial-scale=1","author":"","promo":"","siteName":"","image":"https:\/\/healawaken.co.uk\/wp-content\/uploads\/one-to-one-brighton-healing-sessions.jpg"},{"id":6,"url":"https:\/\/ashleighsightcare.co.uk","title":"Home - Ashleigh Sight Care","description":"Ashleigh Sight Care Independent Opticians, over 30 years experience, Romsey, Portswood, Southampton. NHS & Private appointments","keywords":"No Keywords","openG":true,"lenTitle":26,"lenDes":127,"viewport":"width=device-width, initial-scale=1","author":"","promo":"Tom Ford Spectacles","siteName":"","image":"\/\/image.thum.io\/get\/https:\/\/ashleighsightcare.co.uk"},{"id":7,"url":"https:\/\/lowcarbinthe.uk","title":"Welcome to ditching \"weight loss\" culture - Low Carb in the UK","description":"Are you tired of yo-yo dieting? Want to get rid of your belly fat and stop dieting for good? Here's the last \"diet\" you will even need!","keywords":"No Keywords","openG":true,"lenTitle":62,"lenDes":135,"viewport":"width=device-width, initial-scale=1","author":"","promo":"Summer Special","siteName":"","image":"https:\/\/lowcarbinthe.uk\/wordpress\/wp-content\/uploads\/2019\/09\/cropped-Clean-Green-LCUK-Logo-sq.png"},{"id":8,"url":"https:\/\/francescocarco.com","title":"Francesco Carco l Therapy & Life Coaching for Lasting Change","description":"Francesco Carco, therapist & life coach, offers EFT, short term therapy & coaching to help you manage stress, & transform your life. Book therapy online.","keywords":"No Keywords","openG":true,"lenTitle":60,"lenDes":153,"viewport":"width=device-width, initial-scale=1","author":"","promo":"10% off coupon!","siteName":"","image":"https:\/\/francescocarco.com\/wp-content\/uploads\/2024\/03\/Stress-1024x1024.png"},{"id":9,"url":"https:\/\/kenilworthmassagetherapy.co.uk","title":"Kenilworth Massage Therapy | Massage Therapist in Kenilworth, Warwickshire","description":"Kenilworth Massage Therapy is located in the heart of Kenilworth, Warwickshire, offering a range of soft tissue therapies and professional sports massage techniques aimed at manipulating muscles, fascia, tendons and ligaments.","keywords":"No Keywords","openG":true,"lenTitle":74,"lenDes":226,"viewport":"width=device-width, initial-scale=1","author":"","promo":"","siteName":"","image":"https:\/\/static.wixstatic.com\/media\/208b93_6a365d6e44d14e48be55e6fa1ffdb44a%7Emv2.jpg\/v1\/fit\/w_2500,h_1330,al_c\/208b93_6a365d6e44d14e48be55e6fa1ffdb44a%7Emv2.jpg"},{"id":10,"url":"https:\/\/theteenanxietycoach.co.uk","title":"Therapy Services | Teen Anxiety Coach","description":"No Description","keywords":"No Keywords","openG":true,"lenTitle":37,"lenDes":0,"viewport":"width=device-width, initial-scale=1","author":"","promo":"Free consultation","siteName":"","image":"https:\/\/static.wixstatic.com\/media\/01d890_23768c08fba74ff29eeb76d6a843399c%7Emv2.png\/v1\/fit\/w_2500,h_1330,al_c\/01d890_23768c08fba74ff29eeb76d6a843399c%7Emv2.png"},{"id":11,"url":"https:\/\/timetothrivewithnina.com\/","title":"Home - Thrive with Nina","description":"No Description","keywords":"No Keywords","openG":true,"lenTitle":23,"lenDes":0,"viewport":"width=device-width, initial-scale=1","author":"","promo":"6 sessions for the price of 5","siteName":"","image":"https:\/\/timetothrivewithnina.com\/wp-content\/uploads\/2023\/08\/Crowd_IstockOptimized.jpg"},{"id":12,"url":"https:\/\/lovelifebyzimmer.com","title":"Love Life By Zimmer - Wellbeing Education and Retreats, UK & Worldwide","description":"Wellbeing retreats where each venue is selected based on our core values: \r\neco-friendly, sustainable, respectful to Nature, supporting the local \r\ncommunity with a touch of luxury. Designed by Victoria Zimmer, \r\ninternationally recognised Tantra Yoga teacher, mindfulness and mediation \r\ntrainer.","keywords":"No Keywords","openG":true,"lenTitle":70,"lenDes":297,"viewport":"width=device-width, initial-scale=1","author":"","promo":"","siteName":"","image":"http:\/\/static1.squarespace.com\/static\/5e96b6654b617e2a1767bf87\/t\/65f1aec04d14a72429408ee8\/1710337728410\/jiva.liba-0359.jpg?format=1500w"},{"id":13,"url":"https:\/\/theayurvedicmum.com","title":"The Ayurvedic Mum - Women's health, mesntrual health, fertility, pregnancy, PCOS","description":"The Ayurvedic Mum - Discover ayurveda for women through online programs & beauty products\n","keywords":"No Keywords","openG":true,"lenTitle":80,"lenDes":90,"viewport":"width=device-width, initial-scale=1","author":"","promo":"","siteName":"","image":"https:\/\/static.wixstatic.com\/media\/64f745_27c8a76bfca34cfabcc48ad7b48d0276%7Emv2.png\/v1\/fit\/w_2500,h_1330,al_c\/64f745_27c8a76bfca34cfabcc48ad7b48d0276%7Emv2.png"},{"id":14,"url":"https:\/\/marthastewart.com\/","title":"Martha Stewart | Recipes, DIY, Home Decor & Crafts","description":"From tried-and-true recipes and DIY crafts to home decor tips and holiday party planning, let Martha Stewart inspire you every day.","keywords":"No Keywords","openG":true,"lenTitle":50,"lenDes":131,"viewport":"width=device-width, initial-scale=1.0","author":"","promo":"","siteName":"","image":"https:\/\/www.marthastewart.com\/thmb\/_F_bG92HHjMYAfax4SerxNVhsXo=\/1500x0\/filters:no_upscale():max_bytes(150000):strip_icc()\/MarthaMigSocial-fbbf086f354949b18a1eadc15a84060e.png"},{"id":15,"url":"https:\/\/bookin.nativecode.in","title":"Bookin SaaS - Multi Vendor Service Booking System | Simplify Online Bookings","description":"Bookin SaaS is a powerful multi-vendor service booking system designed for seamless online appointments and service management. Perfect for businesses offering flexible scheduling, vendor management, and user-friendly experiences.","keywords":"bookin saas, multi-vendor booking system, bookin saas system, bookin saas platform, multi-vendor service booking, online booking system, bookin saas software, vendor booking platform, multi-vendor scheduling system, service management with bookin saas","openG":true,"lenTitle":76,"lenDes":230,"viewport":"width=device-width, initial-scale=1","author":"","promo":"","siteName":"","image":"\/\/image.thum.io\/get\/https:\/\/bookin.nativecode.in"}]